[
  {
    "id": 1,
    "name": "Cтрижка ножницами",
    "price": "2200"
  },
  {
    "id": 2,
    "name": "Cтрижка машинкой",
    "price": "1800"
  },
  {
    "id": 3,
    "name": "Стрижка + Стрижка бороды",
    "price": "2800"
  },
  {
    "id": 4,
    "name": "Оформление бороды и усов",
    "price": "1500"
  },
  {
    "id": 5,
    "name": "Стрижка + Моделирование бороды",
    "price": "3500"
  },
  {
    "id": 6,
    "name": "Королевское бритьё",
    "price": "3000"
  },
  {
    "id": 7,
    "name": "Бритье головы",
    "price": "1100"
  },
  {
    "id": 8,
    "name": "Укладка",
    "price": "1300"
  },
  {
    "id": 9,
    "name": "Оформление бровей",
    "price": "700"
  }
]
