[
  {
    "id": 1,
    "name": "Игорь",
    "img": "img/1.jpg",
    "service": [2, 7, 3, 5, 9, 8],
    "days": [0, 2, 4, 6]
  },
  {
    "id": 2,
    "name": "Анатолий",
    "img": "img/2.jpg",
    "service": [2, 7, 3, 5, 9, 4, 6, 8],
    "days": [1, 3, 5]
  },
  {
    "id": 3,
    "name": "Руслан",
    "img": "img/3.jpg",
    "service": [1, 3, 5, 9, 4, 6, 8],
    "days": [0, 1, 3, 4]
  },
  {
    "id": 4,
    "name": "Михаил",
    "img": "img/4.jpg",
    "service": [2, 7, 9],
    "days": [2, 3, 5, 6]
  },
  {
    "id": 5,
    "name": "Евгений",
    "img": "img/5.jpg",
    "service": [1, 2, 7],
    "days": [0, 2, 3, 5]
  },
  {
    "id": 6,
    "name": "Артур",
    "img": "img/6.jpg",
    "service": [1, 2, 3, 4, 5, 6, 7, 8, 9],
    "days": [1, 4, 6]
  }
]
